Frame,Fixation,FrameFixX,FrameFixY,RefFixX,RefFixY,Column,Row
41314, 3849, 430, 343, 590.959593860762, 604.7779856018126, 2, 1
41315, 3850, 595, 244, 663.9656075459482, 728.6785905022247, 2, 1
41324, 3851, 642, 232, 850.0, 850.0, 2, 1
41330, 3852, 673, 429, 600.3978056971772, 688.0868106494422, 2, 1
41343, 3853, 493, 563, 436.7099082384275, 689.1595459938735, 2, 1
41350, 3854, 494, 617, 432.0950740824602, 822.4026906450679, 2, 1
